<?xml version="1.0" encoding="UTF-8"?><!--启动项设置为 trace，加载 springboot 启动内部各种详细输出--><Configuration status="WARN">    <appenders>        <!--添加一个控制台追加器-->        <console  name="Console" target="SYSTEM_OUT" follow="true">            <PatternLayout>                <pattern>%d{yyyy-MM-dd HH:mm:ss.SSS} %-5level %class{36} %p %c{1.} [%t] %m%n</pattern>            </PatternLayout>        </console >        <RollingFile name="RollingFile" fileName="logs/shuibeizi.log" filePattern="logs/shuibeizi-%d{MM-dd-yyyy}-%i.log.gz">            <PatternLayout>                <pattern>%d{yyyy-MM-dd HH:mm:ss.SSS} %-5level %class{36} %p %c{1.} [%t] %m%n</pattern>            </PatternLayout>            <CronTriggeringPolicy schedule="0 0 2 * * ?"/>            <Policies>                <TimeBasedTriggeringPolicy />                <SizeBasedTriggeringPolicy size="250 MB"/>            </Policies>            <DefaultRolloverStrategy max="20">                <Delete basePath="logs/" maxDepth="1">                    <IfFileName glob="shuibeizi*.log.gz" />                    <IfLastModified age="5d" />                </Delete>            </DefaultRolloverStrategy>        </RollingFile>        <RollingFile name="RollingFileSql" fileName="logs/shuibeizi-sql.log" filePattern="logs/shuibeizi-sql-%d{MM-dd-yyyy}-%i.log.gz">            <PatternLayout>                <pattern>%d{yyyy-MM-dd HH:mm:ss.SSS} %-5level %class{36} %p %c{1.} [%t] %m%n</pattern>            </PatternLayout>            <Policies>                <TimeBasedTriggeringPolicy />                <SizeBasedTriggeringPolicy size="250 MB"/>            </Policies>            <DefaultRolloverStrategy max="20">            </DefaultRolloverStrategy>        </RollingFile>    </appenders>    <Loggers>        <Root level="DEBUG">            <AppenderRef ref="Console" />        </Root>        <Logger name="com.shuibeizi" level="DEBUG" additivity="false">            <AppenderRef ref="Console" />            <AppenderRef ref="RollingFile" />        </Logger>        <logger name="org.apache.commons.beanutils.converters" level="OFF" additivity="false">        </logger>        <logger name="com.shuibeizi.dao" level="DEBUG" additivity="false">            <AppenderRef ref="Console" />            <appender-ref ref="RollingFileSql"/>        </logger>    </Loggers></Configuration>